1,05/24/2021,Chloé,10000
2,08/18/2021,Bénédicte,10001
3,03/20/2022,Marie-hélène,10002
4,01/05/2022,Félicie,10003
5,08/24/2021,Vérane,10004
6,12/12/2021,Aurélie,10005
7,07/11/2021,Lóng,10006
8,02/28/2022,Görel,10007
9,11/27/2021,Maëlyss,10008
10,07/25/2021,Yú,10009
11,11/03/2021,Rachèle,10010
12,05/27/2021,Danièle,10011
13,09/22/2021,Östen,10012
14,01/01/2022,Intéressant,10013
15,04/10/2021,Amélie,10014
16,06/10/2021,Valérie,10015
17,04/28/2021,Aí,10016
18,08/30/2021,Maéna,10017
19,07/28/2021,Nélie,10018
20,02/01/2022,Ophélie,10019
21,02/20/2022,Laïla,10020
22,12/24/2021,Styrbjörn,10021
23,08/13/2021,Pål,10022
24,09/30/2021,Gwenaëlle,10023
25,12/04/2021,Almérinda,10024
26,08/14/2021,Kuí,10025
27,01/23/2022,Mélodie,10026
28,11/27/2021,Rébecca,10027
29,06/03/2021,Cécile,10028
30,06/24/2021,Josée,10029
31,12/11/2021,Yú,10030
32,11/24/2021,Maéna,10031
33,07/07/2021,Céline,10032
34,12/18/2021,Annotée,10033
35,11/23/2021,Joséphine,10034
36,05/18/2021,Laurène,10035
37,10/07/2021,Lauréna,10036
38,04/09/2021,Maëlann,10037
39,08/23/2021,Yè,10038
40,12/27/2021,Styrbjörn,10039
41,03/12/2022,Cléopatre,10040
42,10/13/2021,Marylène,10041
43,02/05/2022,Liè,10042
44,03/18/2022,Méryl,10043
45,12/12/2021,Maïlis,10044
46,04/18/2021,Stéphanie,10045
47,12/23/2021,Sélène,10046
48,03/25/2022,Frédérique,10047
49,06/30/2021,Régine,10048
50,03/20/2022,Cinéma,10049
51,10/28/2021,Maïlis,10050
52,04/17/2021,Mélina,10051
53,11/27/2021,Salomé,10052
54,05/06/2021,Laurène,10053
55,07/07/2021,Yóu,10054
56,11/19/2021,Hélène,10055
57,07/23/2021,Estée,10056
58,08/30/2021,Esbjörn,10057
59,12/19/2021,Illustrée,10058
60,09/05/2021,Yóu,10059
61,10/17/2021,Magdalène,10060
62,01/02/2022,Cécile,10061
63,08/07/2021,Marie-hélène,10062
64,05/21/2021,Célia,10063
65,01/12/2022,Esbjörn,10064
66,08/19/2021,Bérangère,10065
67,05/28/2021,Réjane,10066
68,12/15/2021,Vérane,10067
69,03/06/2022,Tú,10068
70,07/17/2021,Rébecca,10069
71,05/24/2021,Pénélope,10070
72,03/18/2022,Kuí,10071
73,10/09/2021,Gérald,10072
74,09/20/2021,Dà,10073
75,09/18/2021,Zhì,10074
76,03/24/2022,Yè,10075
77,07/07/2021,Mélinda,10076
78,06/18/2021,Maïwenn,10077
79,06/05/2021,Marie-josée,10078
80,05/09/2021,Cléa,10079
81,12/24/2021,Marylène,10080
82,10/20/2021,Clélia,10081
83,09/25/2021,Yénora,10082
84,06/26/2021,Lyséa,10083
85,05/27/2021,Yè,10084
86,05/24/2021,Magdalène,10085
87,06/26/2021,Anaël,10086
88,04/11/2021,Mélina,10087
89,12/15/2021,Tú,10088
90,08/03/2021,Noémie,10089
91,05/29/2021,Nadège,10090
92,07/03/2021,Pål,10091
93,05/01/2021,Marie-noël,10092
94,04/11/2021,Maëly,10093
95,08/03/2021,Béatrice,10094
96,05/27/2021,Yóu,10095
97,11/13/2021,Gaétane,10096
98,11/14/2021,Yè,10097
99,08/13/2021,Clémence,10098
100,08/30/2021,Frédérique,10099
101,02/18/2022,Eliès,10100
102,08/30/2021,Léonore,10101
103,02/04/2022,Renée,10102
104,04/28/2021,Lauréna,10103
105,08/11/2021,Séréna,10104
106,01/03/2022,Andréanne,10105
107,07/01/2021,Irène,10106
108,09/19/2021,Chloé,10107
109,07/21/2021,Cléopatre,10108
110,04/20/2021,Mén,10109
111,03/15/2022,Esbjörn,10110
112,06/06/2021,Dorothée,10111
113,03/05/2022,Frédérique,10112
114,06/09/2021,Vérane,10113
115,07/11/2021,Naëlle,10114
116,03/16/2022,Thérèsa,10115
117,03/11/2022,Anaël,10116
118,06/19/2021,Maïlys,10117
119,12/13/2021,Lauréna,10118
120,05/03/2021,Inès,10119
121,06/11/2021,Börje,10120
122,09/23/2021,Kuí,10121
123,07/30/2021,Noëlla,10122
124,07/07/2021,Åke,10123
125,07/15/2021,Naéva,10124
126,08/28/2021,Lèi,10125
127,01/31/2022,Pélagie,10126
128,11/12/2021,Laurène,10127
129,10/07/2021,Océanne,10128
130,03/29/2021,Laïla,10129
131,12/21/2021,Célia,10130
132,10/12/2021,Desirée,10131
133,11/17/2021,Wá,10132
134,03/25/2022,Célia,10133
135,06/21/2021,Adélie,10134
136,04/02/2021,Jú,10135
137,04/24/2021,Ophélie,10136
138,03/14/2022,Méline,10137
139,04/22/2021,Frédérique,10138
140,05/20/2021,Maïly,10139
141,12/23/2021,Mahélie,10140
142,06/06/2021,Vénus,10141
143,11/23/2021,Börje,10142
144,04/17/2021,Océane,10143
145,06/16/2021,Cléa,10144
146,12/30/2021,Anaïs,10145
147,10/28/2021,Esbjörn,10146
148,03/16/2022,Táng,10147
149,05/21/2021,Almérinda,10148
150,04/18/2021,Loïc,10149
151,01/13/2022,Aimée,10150
152,02/02/2022,Intéressant,10151
153,03/19/2022,Dafnée,10152
154,03/24/2022,Stéphanie,10153
155,12/30/2021,Méghane,10154
156,09/21/2021,Céline,10155
157,03/02/2022,Lóng,10156
158,07/04/2021,Andréanne,10157
159,04/23/2021,Camélia,10158
160,01/01/2022,Méryl,10159
161,07/02/2021,Camélia,10160
162,09/22/2021,Anaëlle,10161
163,07/15/2021,Örjan,10162
164,12/31/2021,Cinéma,10163
165,01/22/2022,Aimée,10164
166,03/29/2021,Esbjörn,10165
167,02/27/2022,Mén,10166
168,07/12/2021,Björn,10167
169,03/04/2022,Rachèle,10168
170,09/29/2021,Dafnée,10169
171,03/06/2022,Gaëlle,10170
172,03/16/2022,Angèle,10171
173,02/04/2022,Gaétane,10172
174,03/19/2022,Salomé,10173
175,05/13/2021,Géraldine,10174
176,02/08/2022,Mélanie,10175
177,11/23/2021,Séverine,10176
178,05/16/2021,Stéphanie,10177
179,10/27/2021,Léone,10178
180,04/20/2021,Yáo,10179
181,04/10/2021,Gérald,10180
182,05/31/2021,Yáo,10181
183,11/18/2021,Nadège,10182
184,08/01/2021,Danièle,10183
185,10/11/2021,Angélique,10184
186,10/27/2021,Erwéi,10185
187,08/03/2021,Médiamass,10186
188,12/04/2021,Noëlla,10187
189,08/28/2021,Méline,10188
190,10/07/2021,Personnalisée,10189
191,06/02/2021,Naëlle,10190
192,10/05/2021,Lài,10191
193,07/13/2021,Daphnée,10192
194,04/29/2021,Tú,10193
195,10/31/2021,Gaëlle,10194
196,07/07/2021,Hélèna,10195
197,02/24/2022,Gaëlle,10196
198,01/09/2022,Adèle,10197
199,08/09/2021,Réjane,10198
200,07/11/2021,Aimée,10199
201,05/29/2021,Vénus,10200
202,05/10/2021,Åke,10201
203,02/07/2022,Clémentine,10202
204,07/25/2021,Cloé,10203
205,11/25/2021,Mélys,10204
206,05/22/2021,Léandre,10205
207,05/19/2021,André,10206
208,06/18/2021,Åsa,10207
209,02/02/2022,Adélie,10208
210,12/20/2021,Estève,10209
211,01/30/2022,Simplifiés,10210
212,05/30/2021,Loïs,10211
213,04/07/2021,Åke,10212
214,11/03/2021,Lauréna,10213
215,03/05/2022,Åsa,10214
216,01/09/2022,Almérinda,10215
217,02/07/2022,Mélanie,10216
218,08/12/2021,Adélaïde,10217
219,10/29/2021,Cléopatre,10218
220,01/02/2022,Méthode,10219
221,11/30/2021,Adélie,10220
222,07/22/2021,Lucrèce,10221
223,07/10/2021,Eugénie,10222
224,06/30/2021,Eliès,10223
225,03/15/2022,Maïwenn,10224
226,04/15/2021,Ophélie,10225
227,08/17/2021,Magdalène,10226
228,07/26/2021,Daphnée,10227
229,09/08/2021,Mégane,10228
230,07/14/2021,Sélène,10229
231,01/24/2022,Marie-noël,10230
232,07/29/2021,Mylène,10231
233,02/08/2022,Garçon,10232
234,12/15/2021,Miléna,10233
235,01/22/2022,Gaïa,10234
236,04/19/2021,Estève,10235
237,12/11/2021,Mylène,10236
238,07/27/2021,Björn,10237
239,11/04/2021,Maïlis,10238
240,06/27/2021,Léane,10239
241,06/03/2021,Vérane,10240
242,05/04/2021,Félicie,10241
243,01/30/2022,Léana,10242
244,03/07/2022,Judicaël,10243
245,02/17/2022,Mélodie,10244
246,12/17/2021,Daphnée,10245
247,08/20/2021,Geneviève,10246
248,09/08/2021,Maïwenn,10247
249,12/13/2021,Méthode,10248
250,04/20/2021,Sélène,10249
251,08/08/2021,Cécilia,10250
252,04/28/2021,Maïlis,10251
253,04/27/2021,Illustrée,10252
254,11/19/2021,Valérie,10253
255,11/20/2021,Maëline,10254
256,10/21/2021,Angélique,10255
257,06/07/2021,Faîtes,10256
258,03/04/2022,Aimée,10257
259,02/19/2022,Almérinda,10258
260,12/18/2021,Alizée,10259
261,11/14/2021,Marie-thérèse,10260
262,12/04/2021,Laurène,10261
263,06/06/2021,Mélinda,10262
264,05/19/2021,Zoé,10263
265,06/05/2021,André,10264
266,05/09/2021,Rachèle,10265
267,07/04/2021,Pélagie,10266
268,05/06/2021,Angèle,10267
269,04/01/2021,Mélina,10268
270,07/09/2021,Audréanne,10269
271,11/15/2021,Ophélie,10270
272,02/16/2022,Mélissandre,10271
273,10/22/2021,Pål,10272
274,12/21/2021,Nélie,10273
275,02/06/2022,Renée,10274
276,09/22/2021,Méghane,10275
277,09/28/2021,Adélie,10276
278,09/09/2021,Tán,10277
279,07/17/2021,Åslög,10278
280,11/02/2021,Ophélie,10279
281,12/19/2021,Illustrée,10280
282,01/22/2022,Hélèna,10281
283,12/05/2021,Danièle,10282
284,05/14/2021,Maëlla,10283
285,06/06/2021,Mén,10284
286,06/07/2021,Nuó,10285
287,10/09/2021,Yóu,10286
288,11/22/2021,Judicaël,10287
289,04/15/2021,Andrée,10288
290,01/11/2022,Marie-ève,10289
291,09/15/2021,Pò,10290
292,06/15/2021,Maëly,10291
293,02/16/2022,Vénus,10292
294,01/03/2022,Anaël,10293
295,04/12/2021,Hélèna,10294
296,10/16/2021,Yú,10295
297,04/08/2021,Bérangère,10296
298,03/17/2022,Angélique,10297
299,09/13/2021,Maéna,10298
300,03/07/2022,Anaëlle,10299
301,02/07/2022,Marlène,10300
302,08/23/2021,Hélèna,10301
303,04/09/2021,Clélia,10302
304,08/13/2021,Léonie,10303
305,06/03/2021,Åslög,10304
306,04/07/2021,Méthode,10305
307,11/27/2021,Maëly,10306
308,01/13/2022,Audréanne,10307
309,02/03/2022,Méline,10308
310,06/02/2021,Maëlle,10309
311,03/12/2022,Angèle,10310
312,08/19/2021,Mylène,10311
313,12/20/2021,Pål,10312
314,01/05/2022,Cécilia,10313
315,01/13/2022,Vénus,10314
316,01/07/2022,Liè,10315
317,09/11/2021,Andréanne,10316
318,04/13/2021,Örjan,10317
319,01/04/2022,Chloé,10318
320,05/19/2021,Béatrice,10319
321,04/22/2021,Méryl,10320
322,08/27/2021,Thérèse,10321
323,06/01/2021,Rébecca,10322
324,04/19/2021,Méline,10323
325,02/14/2022,Mà,10324
326,08/17/2021,Maïlys,10325
327,02/06/2022,Cinéma,10326
328,02/27/2022,Alizée,10327
329,04/30/2021,Ruò,10328
330,11/12/2021,Solène,10329
331,10/24/2021,Crééz,10330
332,01/08/2022,Mélanie,10331
333,10/28/2021,Joséphine,10332
334,05/18/2021,Cécilia,10333
335,12/26/2021,Esbjörn,10334
336,11/06/2021,Yénora,10335
337,12/09/2021,Aimée,10336
338,03/01/2022,Naëlle,10337
339,10/07/2021,Cinéma,10338
340,11/22/2021,Ruì,10339
341,04/05/2021,Marie-ève,10340
342,11/03/2021,Océane,10341
343,10/11/2021,Esbjörn,10342
344,09/11/2021,Intéressant,10343
345,09/18/2021,Östen,10344
346,02/10/2022,Gösta,10345
347,08/18/2021,Eléa,10346
348,08/22/2021,Loïc,10347
349,04/28/2021,Maëlle,10348
350,12/20/2021,Cloé,10349
351,01/03/2022,Célestine,10350
352,09/02/2021,Simplifiés,10351
353,07/26/2021,Danièle,10352
354,01/23/2022,Régine,10353
355,04/16/2021,Yénora,10354
356,08/26/2021,Esbjörn,10355
357,06/09/2021,Eliès,10356
358,05/15/2021,Mahélie,10357
359,09/02/2021,Camélia,10358
360,04/30/2021,Josée,10359
361,05/20/2021,Marie-noël,10360
362,07/27/2021,Joséphine,10361
363,05/09/2021,Céline,10362
364,09/09/2021,Méng,10363
365,09/13/2021,Göran,10364
366,04/11/2021,Dù,10365
367,01/13/2022,Eugénie,10366
368,08/24/2021,Maïlys,10367
369,04/13/2021,Léane,10368
370,06/05/2021,Daphnée,10369
371,11/28/2021,Ráo,10370
372,09/13/2021,Clélia,10371
373,04/30/2021,Wá,10372
374,08/07/2021,Michèle,10373
375,01/11/2022,Cécilia,10374
376,03/27/2022,Clémence,10375
377,08/19/2021,Görel,10376
378,05/06/2021,Danièle,10377
379,06/19/2021,Thérèse,10378
380,08/06/2021,Yáo,10379
381,08/24/2021,Lauréna,10380
382,01/02/2022,Médiamass,10381
383,01/13/2022,Cunégonde,10382
384,06/10/2021,Cécilia,10383
385,12/05/2021,Danièle,10384
386,10/24/2021,Ophélie,10385
387,05/13/2021,Mélina,10386
388,04/06/2021,Audréanne,10387
389,08/24/2021,Séverine,10388
390,08/29/2021,Börje,10389
391,04/01/2021,Méline,10390
392,09/21/2021,Solène,10391
393,09/07/2021,Laurène,10392
394,07/09/2021,Mén,10393
395,09/26/2021,Gösta,10394
396,08/14/2021,Uò,10395
397,07/15/2021,Solène,10396
398,07/24/2021,Nélie,10397
399,10/22/2021,Nadège,10398
400,01/03/2022,Amélie,10399
401,05/28/2021,Nélie,10400
402,06/13/2021,Anaëlle,10401
403,09/15/2021,Esbjörn,10402
404,03/27/2022,Maïlis,10403
405,07/30/2021,Méghane,10404
406,08/03/2021,Camélia,10405
407,06/16/2021,Loïca,10406
408,05/05/2021,Andréa,10407
409,07/07/2021,Séréna,10408
410,09/01/2021,Gérald,10409
411,10/06/2021,Tán,10410
412,04/07/2021,Björn,10411
413,10/24/2021,Lorène,10412
414,07/31/2021,Noëlla,10413
415,06/24/2021,Marie-françoise,10414
416,07/18/2021,Lèi,10415
417,07/01/2021,Marie-hélène,10416
418,03/19/2022,Göran,10417
419,03/14/2022,Bécassine,10418
420,03/06/2022,Garçon,10419
421,08/23/2021,Jú,10420
422,04/12/2021,Maëlla,10421
423,02/23/2022,Táng,10422
424,07/24/2021,Maéna,10423
425,01/28/2022,Kù,10424
426,09/05/2021,Annotée,10425
427,02/16/2022,Réjane,10426
428,02/25/2022,Salomé,10427
429,05/16/2021,Tú,10428
430,03/31/2021,Illustrée,10429
431,07/22/2021,Cécile,10430
432,06/11/2021,Adèle,10431
433,01/24/2022,Esbjörn,10432
434,09/05/2021,Naéva,10433
435,07/08/2021,Yóu,10434
436,01/25/2022,Uò,10435
437,05/06/2021,Kù,10436
438,11/23/2021,Kuí,10437
439,09/13/2021,Åsa,10438
440,05/21/2021,Marie-josée,10439
441,08/25/2021,Andréa,10440
442,11/27/2021,Cunégonde,10441
443,11/25/2021,Yóu,10442
444,03/26/2022,Léa,10443
445,03/09/2022,Gaëlle,10444
446,07/14/2021,Simplifiés,10445
447,08/17/2021,Eloïse,10446
448,04/08/2021,Cinéma,10447
449,07/14/2021,Cléa,10448
450,04/16/2021,Irène,10449
451,12/24/2021,Gaïa,10450
452,04/13/2021,Marie-thérèse,10451
453,08/21/2021,Geneviève,10452
454,06/30/2021,Méryl,10453
455,04/04/2021,Táng,10454
456,01/15/2022,Ráo,10455
457,01/28/2022,Loïc,10456
458,02/24/2022,Marie-françoise,10457
459,06/24/2021,Maïlys,10458
460,12/03/2021,Mylène,10459
461,07/20/2021,Daphnée,10460
462,02/04/2022,Océane,10461
463,08/08/2021,Maï,10462
464,10/20/2021,Yóu,10463
465,04/15/2021,Gwenaëlle,10464
466,10/01/2021,Béatrice,10465
467,08/18/2021,Annotée,10466
468,04/01/2021,Solène,10467
469,01/09/2022,Géraldine,10468
470,10/20/2021,Andréanne,10469
471,11/04/2021,Gaétane,10470
472,07/11/2021,Laurène,10471
473,10/05/2021,Maï,10472
474,09/24/2021,Josée,10473
475,03/22/2022,Cinéma,10474
476,08/27/2021,Maïlys,10475
477,02/26/2022,Cléopatre,10476
478,12/24/2021,Lauréna,10477
479,05/24/2021,Anaé,10478
480,07/05/2021,Dafnée,10479
481,08/24/2021,Estée,10480
482,10/18/2021,Publicité,10481
483,07/15/2021,Åke,10482
484,07/27/2021,Kuí,10483
485,05/09/2021,Maï,10484
486,07/11/2021,Chloé,10485
487,04/08/2021,Erwéi,10486
488,01/12/2022,Fèi,10487
489,10/28/2021,Illustrée,10488
490,05/26/2021,Bénédicte,10489
491,12/03/2021,Esbjörn,10490
492,01/31/2022,Loïc,10491
493,07/10/2021,Lorène,10492
494,02/27/2022,Amélie,10493
495,02/26/2022,Åsa,10494
496,02/13/2022,Stévina,10495
497,07/20/2021,Mélissandre,10496
498,06/18/2021,Méng,10497
499,10/29/2021,Régine,10498
500,06/01/2021,Laïla,10499
501,10/08/2021,Aimée,10500
502,01/16/2022,Frédérique,10501
503,11/01/2021,Sélène,10502
504,11/08/2021,Méghane,10503
505,09/02/2021,Maëline,10504
506,08/08/2021,Camélia,10505
507,10/31/2021,Kuí,10506
508,09/02/2021,Félicie,10507
509,09/09/2021,Alizée,10508
510,11/25/2021,Camélia,10509
511,03/16/2022,Cloé,10510
512,09/23/2021,Maëlle,10511
513,09/24/2021,Lucrèce,10512
514,04/21/2021,Görel,10513
515,12/26/2021,Irène,10514
516,12/10/2021,Léane,10515
517,07/14/2021,Angélique,10516
518,12/27/2021,Mélinda,10517
519,06/26/2021,Marie-françoise,10518
520,01/09/2022,Kuí,10519
521,12/28/2021,Anaé,10520
522,05/08/2021,Agnès,10521
523,06/09/2021,Aí,10522
524,07/06/2021,Kévina,10523
525,09/17/2021,Örjan,10524
526,04/14/2021,Annotés,10525
527,03/09/2022,Vérane,10526
528,10/02/2021,Marie-thérèse,10527
529,01/19/2022,Magdalène,10528
530,06/09/2021,Nélie,10529
531,08/26/2021,Méline,10530
532,05/24/2021,Célia,10531
533,11/29/2021,Mélodie,10532
534,02/06/2022,Garçon,10533
535,07/30/2021,Esbjörn,10534
536,11/17/2021,Léonie,10535
537,03/29/2021,Andrée,10536
538,07/27/2021,Faîtes,10537
539,12/04/2021,Uò,10538
540,01/24/2022,Björn,10539
541,11/17/2021,Maëlyss,10540
542,10/31/2021,Bérénice,10541
543,12/27/2021,Anaé,10542
544,08/20/2021,Athéna,10543
545,01/10/2022,Andrée,10544
546,12/27/2021,Cléopatre,10545
547,04/23/2021,Liè,10546
548,11/23/2021,Cloé,10547
549,06/25/2021,Liè,10548
550,12/09/2021,Andréanne,10549
551,09/28/2021,Esbjörn,10550
552,05/01/2021,Judicaël,10551
553,04/06/2021,Noëlla,10552
554,07/25/2021,Océane,10553
555,12/29/2021,Vénus,10554
556,03/22/2022,Yáo,10555
557,03/03/2022,Pål,10556
558,04/17/2021,Åslög,10557
559,12/22/2021,Almérinda,10558
560,11/30/2021,Bécassine,10559
561,05/30/2021,Léa,10560
562,01/04/2022,Dù,10561
563,11/10/2021,Françoise,10562
564,08/09/2021,Laurélie,10563
565,05/07/2021,Dà,10564
566,09/24/2021,Magdalène,10565
567,03/19/2022,Célestine,10566
568,10/08/2021,Börje,10567
569,08/16/2021,Lài,10568
570,07/05/2021,Marie-françoise,10569
571,11/04/2021,Cunégonde,10570
572,09/02/2021,Ruò,10571
573,08/11/2021,Yóu,10572
574,09/09/2021,Maëly,10573
575,04/26/2021,Marlène,10574
576,07/20/2021,Måns,10575
577,02/19/2022,Björn,10576
578,09/15/2021,Loïca,10577
579,12/06/2021,Françoise,10578
580,03/23/2022,Mén,10579
581,08/29/2021,Marie-françoise,10580
582,10/05/2021,Gwenaëlle,10581
583,05/23/2021,Kuí,10582
584,12/15/2021,Desirée,10583
585,02/15/2022,Rachèle,10584
586,08/10/2021,Gwenaëlle,10585
587,12/12/2021,Céline,10586
588,03/11/2022,Geneviève,10587
589,10/04/2021,Marie-hélène,10588
590,03/16/2022,Maïwenn,10589
591,09/20/2021,Maïté,10590
592,11/22/2021,Maï,10591
593,08/26/2021,Bérengère,10592
594,01/23/2022,Françoise,10593
595,04/15/2021,Eléa,10594
596,02/20/2022,Célestine,10595
597,11/12/2021,Marlène,10596
598,03/21/2022,Illustrée,10597
599,03/30/2021,Zhì,10598
600,07/05/2021,Maëly,10599
601,08/31/2021,Marie-ève,10600
602,01/21/2022,Régine,10601
603,02/13/2022,Sòng,10602
604,08/10/2021,Naéva,10603
605,11/12/2021,Intéressant,10604
606,02/04/2022,Léane,10605
607,06/03/2021,Méline,10606
608,04/25/2021,Anaé,10607
609,05/21/2021,Kallisté,10608
610,09/30/2021,Rébecca,10609
611,10/30/2021,Gösta,10610
612,05/29/2021,Méline,10611
613,03/01/2022,Réservés,10612
614,01/12/2022,Ruò,10613
615,01/29/2022,Françoise,10614
616,10/02/2021,Yú,10615
617,07/28/2021,Gérald,10616
618,07/27/2021,Zoé,10617
619,02/25/2022,Maëlyss,10618
620,01/03/2022,Noémie,10619
621,02/13/2022,Marie-ève,10620
622,12/30/2021,Thérèsa,10621
623,06/06/2021,Néhémie,10622
624,11/25/2021,Méng,10623
625,07/19/2021,Céline,10624
626,07/15/2021,Tú,10625
627,03/31/2021,Pål,10626
628,01/25/2022,Mà,10627
629,04/18/2021,Bérénice,10628
630,11/04/2021,Intéressant,10629
631,07/22/2021,Salomé,10630
632,12/22/2021,Illustrée,10631
633,07/25/2021,Aurélie,10632
634,11/06/2021,Réjane,10633
635,11/17/2021,Célestine,10634
636,01/08/2022,Séréna,10635
637,11/01/2021,Yóu,10636
638,01/07/2022,Angèle,10637
639,09/09/2021,Médiamass,10638
640,10/06/2021,Judicaël,10639
641,04/10/2021,Marie-ève,10640
642,03/20/2022,Estée,10641
643,09/20/2021,Almérinda,10642
644,02/05/2022,Chloé,10643
645,08/08/2021,Rébecca,10644
646,12/19/2021,Adélie,10645
647,10/03/2021,Pål,10646
648,09/09/2021,Gérald,10647
649,11/30/2021,Mélodie,10648
650,01/08/2022,Chloé,10649
651,04/30/2021,Léone,10650
652,12/09/2021,Gösta,10651
653,06/13/2021,Ruò,10652
654,12/18/2021,Gaétane,10653
655,07/01/2021,Danièle,10654
656,03/18/2022,Måns,10655
657,03/24/2022,Mahélie,10656
658,09/25/2021,Lauréna,10657
659,01/30/2022,Léa,10658
660,07/23/2021,Amélie,10659
661,11/22/2021,Laïla,10660
662,06/10/2021,Léane,10661
663,12/01/2021,Réservés,10662
664,11/27/2021,Réservés,10663
665,07/10/2021,Kuí,10664
666,04/28/2021,Almérinda,10665
667,12/26/2021,Zhì,10666
668,09/11/2021,Eloïse,10667
669,05/12/2021,Aurélie,10668
670,03/05/2022,Ráo,10669
671,01/30/2022,Göran,10670
672,01/29/2022,Dafnée,10671
673,02/17/2022,Thérèse,10672
674,04/07/2021,Cinéma,10673
675,05/17/2021,Camélia,10674
676,03/06/2022,Aí,10675
677,08/30/2021,Fèi,10676
678,03/03/2022,Pénélope,10677
679,08/21/2021,Bérangère,10678
680,10/03/2021,Naéva,10679
681,02/23/2022,Sòng,10680
682,03/16/2022,Marie-josée,10681
683,02/23/2022,Cléopatre,10682
684,03/06/2022,Méghane,10683
685,06/16/2021,Pål,10684
686,01/07/2022,Yóu,10685
687,06/09/2021,Ruò,10686
688,10/08/2021,Clémence,10687
689,06/10/2021,Josée,10688
690,08/07/2021,Maïwenn,10689
691,02/01/2022,Gérald,10690
692,11/13/2021,Tú,10691
693,09/30/2021,Simplifiés,10692
694,11/23/2021,Camélia,10693
695,01/13/2022,Yáo,10694
696,05/10/2021,Kuí,10695
697,12/03/2021,Marie-ève,10696
698,10/14/2021,Gérald,10697
699,06/15/2021,Réjane,10698
700,12/22/2021,Céline,10699
