1,5/3/2021,Mélia,10000
2,5/18/2021,Méline,10001
3,1/2/2022,Bécassine,10002
4,2/2/2022,Nuó,10003
5,12/22/2021,Aurélie,10004
6,4/4/2022,Liè,10005
7,8/31/2021,Kévina,10006
8,8/26/2021,Yú,10007
9,7/27/2021,Mélia,10008
10,11/12/2021,Annotée,10009
11,2/13/2022,Anaëlle,10010
12,2/17/2022,Naéva,10011
13,4/23/2022,Célia,10012
14,6/27/2021,Maëlla,10013
15,4/27/2021,Geneviève,10014
16,9/29/2021,Gaétane,10015
17,5/12/2021,Maëline,10016
18,11/4/2021,Östen,10017
19,9/20/2021,Faîtes,10018
20,7/16/2021,Mélina,10019
21,7/9/2021,Noëlla,10020
22,6/27/2021,Rébecca,10021
23,10/31/2021,Océane,10022
24,11/15/2021,Daphnée,10023
25,10/5/2021,Lauréna,10024
26,7/13/2021,Renée,10025
27,3/24/2022,Pò,10026
28,9/6/2021,Märta,10027
29,10/15/2021,Adèle,10028
30,4/26/2021,Örjan,10029
31,12/11/2021,Stéphanie,10030
32,5/22/2021,Marie-hélène,10031
33,6/3/2021,Yú,10032
34,3/21/2022,Dorothée,10033
35,7/24/2021,Loïca,10034
36,9/27/2021,Rébecca,10035
37,5/27/2021,Naëlle,10036
38,2/6/2022,Estève,10037
39,4/8/2022,Marie-noël,10038
40,5/25/2021,Mélissandre,10039
41,7/3/2021,Aloïs,10040
42,11/6/2021,Anaëlle,10041
43,4/22/2022,Maëly,10042
44,4/29/2021,Ophélie,10043
45,11/5/2021,Léa,10044
46,6/2/2021,Loïca,10045
47,11/23/2021,Thérèsa,10046
48,3/8/2022,Uò,10047
49,7/22/2021,Styrbjörn,10048
50,9/19/2021,Desirée,10049
51,4/21/2022,Dafnée,10050
52,11/10/2021,Örjan,10051
53,8/25/2021,Kallisté,10052
54,4/14/2022,Judicaël,10053
55,1/1/2022,Méng,10054
56,6/10/2021,Mégane,10055
57,10/10/2021,Aurélie,10056
58,5/18/2021,Yú,10057
59,3/4/2022,Nuó,10058
60,3/17/2022,Esbjörn,10059
61,4/23/2022,Björn,10060
62,8/2/2021,Mélys,10061
63,7/3/2021,Clélia,10062
64,12/12/2021,Mà,10063
65,4/5/2022,Åke,10064
66,9/13/2021,Maéna,10065
67,6/3/2021,Desirée,10066
68,8/21/2021,Thérèsa,10067
69,11/5/2021,Maï,10068
70,8/18/2021,Märta,10069
71,3/13/2022,Nadège,10070
72,10/31/2021,Cunégonde,10071
73,6/4/2021,Léone,10072
74,4/11/2022,Loïca,10073
75,12/16/2021,Thérèse,10074
76,1/1/2022,Östen,10075
77,10/28/2021,Gaëlle,10076
78,6/27/2021,Léonie,10077
79,2/16/2022,Néhémie,10078
80,12/22/2021,Maïwenn,10079
81,8/15/2021,Aimée,10080
82,10/27/2021,Laïla,10081
83,3/5/2022,Intéressant,10082
84,5/23/2021,Aloïs,10083
85,2/14/2022,Marie-hélène,10084
86,12/29/2021,Nélie,10085
87,8/2/2021,Yóu,10086
88,1/3/2022,Laurène,10087
89,4/1/2022,Léa,10088
90,3/26/2022,Chloé,10089
91,4/27/2021,Mégane,10090
92,6/8/2021,Pò,10091
93,3/4/2022,Maïlis,10092
94,9/7/2021,Anaïs,10093
95,5/26/2021,Bérangère,10094
96,7/21/2021,Solène,10095
97,1/11/2022,Marie-josée,10096
98,7/16/2021,Thérèsa,10097
99,8/7/2021,Marie-noël,10098
100,9/3/2021,Renée,10099
101,6/25/2021,Crééz,10100
102,7/29/2021,Adèle,10101
103,7/27/2021,Esbjörn,10102
104,2/12/2022,Yénora,10103
105,9/27/2021,Gérald,10104
106,3/29/2022,Célia,10105
107,2/20/2022,Aimée,10106
108,10/16/2021,Mylène,10107
109,4/3/2022,Eléonore,10108
110,3/19/2022,Mårten,10109
111,6/30/2021,Miléna,10110
112,12/31/2021,Frédérique,10111
113,8/29/2021,Gisèle,10112
114,9/22/2021,Stéphanie,10113
115,2/15/2022,Sòng,10114
116,6/7/2021,Crééz,10115
117,2/15/2022,Lóng,10116
118,1/1/2022,Andréa,10117
119,1/30/2022,Miléna,10118
120,1/23/2022,Bénédicte,10119
121,1/14/2022,Léandre,10120
122,2/23/2022,Aurélie,10121
123,4/4/2022,Annotés,10122
124,3/31/2022,Clémence,10123
125,12/12/2021,Camélia,10124
126,6/17/2021,Sélène,10125
127,9/16/2021,Ruì,10126
128,5/16/2021,Mégane,10127
129,4/20/2022,Laurélie,10128
130,8/1/2021,Eléonore,10129
131,12/9/2021,Josée,10130
132,7/22/2021,Gaétane,10131
133,2/2/2022,Åslög,10132
134,1/26/2022,Lyséa,10133
135,9/11/2021,Béatrice,10134
136,9/30/2021,Annotés,10135
137,6/7/2021,Méryl,10136
138,12/2/2021,Zoé,10137
139,11/2/2021,Tú,10138
140,1/14/2022,Örjan,10139
141,11/3/2021,Dorothée,10140
142,4/27/2021,Maëlann,10141
143,2/9/2022,Lài,10142
144,7/19/2021,Mélissandre,10143
145,4/9/2022,Chloé,10144
146,6/14/2021,Vénus,10145
147,6/18/2021,Marie-josée,10146
148,2/18/2022,Sòng,10147
149,3/4/2022,Solène,10148
150,6/4/2021,Yú,10149
151,1/8/2022,Mélanie,10150
152,3/8/2022,Stévina,10151
153,4/24/2022,Anaé,10152
154,10/24/2021,Kù,10153
155,7/30/2021,Mà,10154
156,12/5/2021,Cinéma,10155
157,9/12/2021,Lyséa,10156
158,7/29/2021,Géraldine,10157
159,1/17/2022,Nuó,10158
160,2/27/2022,Angélique,10159
161,4/30/2021,Béatrice,10160
162,9/19/2021,Loïca,10161
163,12/25/2021,Magdalène,10162
164,11/13/2021,Maïwenn,10163
165,2/6/2022,Laïla,10164
166,11/1/2021,Noëlla,10165
167,6/12/2021,Mà,10166
168,8/8/2021,Médiamass,10167
169,7/16/2021,Mà,10168
170,5/7/2021,Faîtes,10169
171,12/9/2021,Océanne,10170
172,8/20/2021,Loïc,10171
173,3/25/2022,Clémence,10172
174,4/4/2022,Camélia,10173
175,6/2/2021,Mårten,10174
176,8/26/2021,Rachèle,10175
177,2/16/2022,Réservés,10176
178,1/5/2022,Maëlla,10177
179,11/6/2021,Inès,10178
180,4/25/2022,Cléopatre,10179
181,9/7/2021,Régine,10180
182,2/21/2022,Séverine,10181
183,12/18/2021,Judicaël,10182
184,12/8/2021,Mélinda,10183
185,3/12/2022,Séréna,10184
186,4/10/2022,Aí,10185
187,6/10/2021,Garçon,10186
188,8/30/2021,Léonie,10187
189,8/30/2021,Örjan,10188
190,4/7/2022,Alizée,10189
191,11/1/2021,Maëlle,10190
192,10/21/2021,Loïs,10191
193,9/1/2021,Erwéi,10192
194,9/22/2021,Réjane,10193
195,4/16/2022,Uò,10194
196,6/13/2021,Marie-noël,10195
197,8/14/2021,Bécassine,10196
198,11/13/2021,Gaétane,10197
199,1/5/2022,Mélys,10198
200,5/1/2021,Publicité,10199
201,5/4/2021,Garçon,10200
202,3/20/2022,Fèi,10201
203,5/10/2021,Andréa,10202
204,12/4/2021,Börje,10203
205,2/4/2022,Anaëlle,10204
206,6/23/2021,Stévina,10205
207,10/26/2021,Léone,10206
208,5/25/2021,Marylène,10207
209,3/25/2022,Irène,10208
210,11/27/2021,Pélagie,10209
211,6/14/2021,Nadège,10210
212,11/2/2021,Maëlyss,10211
213,10/9/2021,Gaétane,10212
214,9/2/2021,Eléonore,10213
215,1/14/2022,Véronique,10214
216,4/28/2021,Yénora,10215
217,5/7/2021,Cunégonde,10216
218,9/29/2021,Yáo,10217
219,6/1/2021,Adèle,10218
220,5/19/2021,Léonie,10219
221,12/3/2021,Mylène,10220
222,12/25/2021,Aimée,10221
223,3/15/2022,Östen,10222
224,8/22/2021,Célestine,10223
225,10/24/2021,Gaëlle,10224
226,12/30/2021,Béatrice,10225
227,6/1/2021,Lorène,10226
228,3/2/2022,Alizée,10227
229,5/24/2021,Simplifiés,10228
230,5/11/2021,Örjan,10229
231,3/13/2022,Gwenaëlle,10230
232,8/11/2021,Ruò,10231
233,7/26/2021,Joséphine,10232
234,1/23/2022,Fèi,10233
235,9/1/2021,Marie-françoise,10234
236,10/26/2021,Kuí,10235
237,2/3/2022,Maëline,10236
238,8/31/2021,Sòng,10237
239,6/10/2021,Maïté,10238
240,4/15/2022,Anaé,10239
241,10/8/2021,Mélissandre,10240
242,3/15/2022,Nuó,10241
243,1/11/2022,Méthode,10242
244,2/22/2022,Océanne,10243
245,8/3/2021,Aurélie,10244
246,2/21/2022,Lén,10245
247,2/10/2022,Cinéma,10246
248,4/21/2022,Yóu,10247
249,4/5/2022,Yáo,10248
250,6/14/2021,Eloïse,10249
251,2/28/2022,Marie-hélène,10250
252,11/15/2021,Kù,10251
253,9/26/2021,Marie-françoise,10252
254,9/24/2021,Laurène,10253
255,2/11/2022,Cloé,10254
256,3/31/2022,Björn,10255
257,12/14/2021,Wá,10256
258,7/31/2021,Ráo,10257
259,3/29/2022,Dorothée,10258
260,8/23/2021,Kallisté,10259
261,11/13/2021,Gaïa,10260
262,2/28/2022,Dafnée,10261
263,4/26/2021,Sòng,10262
264,9/8/2021,Maëlle,10263
265,10/26/2021,Cléa,10264
266,2/17/2022,Eléa,10265
267,4/15/2022,Danièle,10266
268,3/20/2022,Médiamass,10267
269,3/19/2022,Thérèse,10268
270,11/13/2021,Méng,10269
271,5/11/2021,Yè,10270
272,12/9/2021,Renée,10271
273,11/26/2021,Aimée,10272
274,9/29/2021,Kù,10273
275,9/5/2021,Noémie,10274
276,1/18/2022,Chloé,10275
277,10/23/2021,Dafnée,10276
278,12/30/2021,Rébecca,10277
279,6/6/2021,Pò,10278
280,10/28/2021,Estève,10279
281,7/20/2021,Félicie,10280
282,10/29/2021,Solène,10281
283,7/5/2021,Méghane,10282
284,8/25/2021,Pélagie,10283
285,5/17/2021,Hélèna,10284
286,11/12/2021,Irène,10285
287,7/5/2021,Mahélie,10286
288,9/10/2021,Garçon,10287
289,8/25/2021,Clélia,10288
290,5/10/2021,Méthode,10289
291,3/27/2022,Desirée,10290
292,9/25/2021,Aloïs,10291
293,7/12/2021,Méng,10292
294,11/11/2021,Nélie,10293
295,7/14/2021,Lauréna,10294
296,4/25/2022,Ruò,10295
297,9/13/2021,Noémie,10296
298,9/13/2021,Fèi,10297
299,8/12/2021,Maëlle,10298
300,7/2/2021,Gösta,10299
301,12/15/2021,Desirée,10300
302,5/17/2021,Rachèle,10301
303,9/30/2021,Tán,10302
304,6/24/2021,Eliès,10303
305,3/5/2022,Athéna,10304
306,8/10/2021,Örjan,10305
307,1/12/2022,Intéressant,10306
308,5/11/2021,Solène,10307
309,5/28/2021,Illustrée,10308
310,7/16/2021,Erwéi,10309
311,11/25/2021,Léonie,10310
312,8/12/2021,Camélia,10311
313,12/18/2021,Méng,10312
314,1/17/2022,Léonore,10313
315,8/10/2021,Amélie,10314
316,10/29/2021,Bénédicte,10315
317,1/30/2022,Léa,10316
318,3/22/2022,Mélodie,10317
319,7/20/2021,Esbjörn,10318
320,3/9/2022,Danièle,10319
321,12/9/2021,Gisèle,10320
322,3/25/2022,Vénus,10321
323,8/25/2021,Esbjörn,10322
324,12/27/2021,Aí,10323
325,7/23/2021,Illustrée,10324
326,3/7/2022,Marie-josée,10325
327,5/24/2021,Bécassine,10326
328,9/6/2021,Aimée,10327
329,3/18/2022,Garçon,10328
330,4/29/2021,Gwenaëlle,10329
331,8/16/2021,Géraldine,10330
332,1/15/2022,Léone,10331
333,11/25/2021,Léonore,10332
334,2/21/2022,Cléopatre,10333
335,12/27/2021,Gérald,10334
336,10/23/2021,Naëlle,10335
337,11/23/2021,Mélodie,10336
338,8/25/2021,Cloé,10337
339,5/7/2021,Gaëlle,10338
340,9/12/2021,Géraldine,10339
341,9/24/2021,Maëlann,10340
342,10/6/2021,Andréanne,10341
343,3/25/2022,Yénora,10342
344,12/29/2021,Personnalisée,10343
345,11/18/2021,Kallisté,10344
346,2/15/2022,Danièle,10345
347,5/23/2021,Méline,10346
348,11/16/2021,Nadège,10347
349,11/18/2021,Cécile,10348
350,5/26/2021,Noëlla,10349
351,9/30/2021,Stévina,10350
352,11/5/2021,Maëlys,10351
353,5/18/2021,Hélène,10352
354,11/27/2021,Méng,10353
355,2/27/2022,Mélanie,10354
356,3/21/2022,Nadège,10355
357,9/22/2021,Andrée,10356
358,9/23/2021,Kévina,10357
359,5/31/2021,Loïc,10358
360,8/15/2021,Maïté,10359
361,5/15/2021,Méghane,10360
362,1/22/2022,Valérie,10361
363,7/10/2021,Amélie,10362
364,1/7/2022,Marylène,10363
365,7/23/2021,Gaétane,10364
366,5/27/2021,Cléa,10365
367,8/3/2021,Jú,10366
368,5/13/2021,Anaïs,10367
369,2/22/2022,Personnalisée,10368
370,1/2/2022,Mélissandre,10369
371,10/16/2021,Agnès,10370
372,1/30/2022,Frédérique,10371
373,3/16/2022,Yénora,10372
374,5/7/2021,Crééz,10373
375,3/26/2022,Aloïs,10374
376,6/17/2021,Camélia,10375
377,7/2/2021,Lorène,10376
378,8/28/2021,Maëlyss,10377
379,2/13/2022,Örjan,10378
380,8/17/2021,Clémentine,10379
381,11/8/2021,Ráo,10380
382,12/15/2021,Mélissandre,10381
383,11/28/2021,Andréa,10382
384,7/8/2021,Sòng,10383
385,2/21/2022,Marie-noël,10384
386,3/3/2022,Véronique,10385
387,11/28/2021,Gaétane,10386
388,9/27/2021,Noémie,10387
389,12/8/2021,Tán,10388
390,1/2/2022,Anaëlle,10389
391,8/15/2021,Méline,10390
392,10/7/2021,Vérane,10391
393,9/2/2021,Östen,10392
394,3/12/2022,Chloé,10393
395,2/28/2022,Maëly,10394
396,6/6/2021,Laurélie,10395
397,4/25/2022,Françoise,10396
398,12/29/2021,Médiamass,10397
399,2/7/2022,Naëlle,10398
400,8/18/2021,Vérane,10399
401,10/21/2021,Loïs,10400
402,4/7/2022,Stéphanie,10401
403,7/8/2021,Méng,10402
404,7/4/2021,Maï,10403
405,10/27/2021,Styrbjörn,10404
406,12/15/2021,Thérèse,10405
407,9/9/2021,Maëlle,10406
408,11/11/2021,Léane,10407
409,2/23/2022,Mà,10408
410,6/29/2021,Björn,10409
411,11/22/2021,Loïs,10410
412,9/20/2021,Méryl,10411
413,10/20/2021,Alizée,10412
414,8/2/2021,Béatrice,10413
415,8/28/2021,Marie-ève,10414
416,9/22/2021,Thérèse,10415
417,11/29/2021,Gisèle,10416
418,8/21/2021,Solène,10417
419,7/28/2021,Anaëlle,10418
420,4/7/2022,Léa,10419
421,9/21/2021,Styrbjörn,10420
422,12/21/2021,Sòng,10421
423,7/15/2021,Erwéi,10422
424,11/16/2021,Cloé,10423
425,7/25/2021,Naëlle,10424
426,8/9/2021,Clémence,10425
427,9/14/2021,Marie-françoise,10426
428,7/27/2021,Séréna,10427
429,3/20/2022,Mà,10428
430,10/4/2021,Adélie,10429
431,10/24/2021,Desirée,10430
432,5/25/2021,Marie-noël,10431
433,11/15/2021,Åke,10432
434,9/22/2021,Bécassine,10433
435,7/15/2021,Renée,10434
436,5/6/2021,Gaëlle,10435
437,1/21/2022,Geneviève,10436
438,2/4/2022,Fèi,10437
439,6/8/2021,Eugénie,10438
440,3/13/2022,Méghane,10439
441,3/28/2022,Chloé,10440
442,1/16/2022,Pò,10441
443,7/8/2021,Dorothée,10442
444,6/3/2021,Loïca,10443
445,10/27/2021,Maï,10444
446,4/23/2022,Cloé,10445
447,7/2/2021,Mahélie,10446
448,6/9/2021,Yóu,10447
449,3/8/2022,Adélie,10448
450,7/23/2021,Mårten,10449
451,5/27/2021,Irène,10450
452,8/22/2021,Séréna,10451
453,8/14/2021,Néhémie,10452
454,1/24/2022,Yénora,10453
455,3/9/2022,Håkan,10454
456,10/22/2021,Méline,10455
457,11/27/2021,Andrée,10456
458,12/7/2021,Camélia,10457
459,9/22/2021,Dà,10458
460,8/9/2021,Dorothée,10459
461,9/9/2021,Andréa,10460
462,12/10/2021,Méryl,10461
463,4/7/2022,Publicité,10462
464,3/4/2022,Océane,10463
465,6/15/2021,Cunégonde,10464
466,10/11/2021,Maëlyss,10465
467,7/12/2021,Bérangère,10466
468,4/30/2021,Maï,10467
469,3/16/2022,Anaé,10468
470,2/27/2022,Bérengère,10469
471,5/20/2021,Lucrèce,10470
472,9/9/2021,Aurélie,10471
473,6/21/2021,Rébecca,10472
474,4/5/2022,Ruò,10473
475,5/24/2021,Mélina,10474
476,6/21/2021,Alizée,10475
477,2/10/2022,Zhì,10476
478,9/19/2021,Mårten,10477
479,1/29/2022,Lucrèce,10478
480,1/28/2022,Nélie,10479
481,10/27/2021,Léandre,10480
482,7/3/2021,Néhémie,10481
483,2/15/2022,Rébecca,10482
484,11/21/2021,Maëline,10483
485,10/25/2021,Maïté,10484
486,6/15/2021,Fèi,10485
487,10/21/2021,Aimée,10486
488,6/2/2021,Maïwenn,10487
489,12/20/2021,Anaël,10488
490,12/28/2021,Estée,10489
491,12/28/2021,Léonie,10490
492,3/20/2022,Kù,10491
493,7/15/2021,Åsa,10492
494,12/9/2021,Illustrée,10493
495,9/25/2021,Eliès,10494
496,7/26/2021,Maëlann,10495
497,1/7/2022,Renée,10496
498,6/1/2021,Bécassine,10497
499,7/27/2021,Laurélie,10498
500,6/14/2021,Åslög,10499
501,9/4/2021,Marie-hélène,10500
502,3/30/2022,Personnalisée,10501
503,2/2/2022,Maïly,10502
504,2/15/2022,Kévina,10503
505,8/17/2021,Pélagie,10504
506,4/20/2022,Bécassine,10505
507,6/13/2021,Gaëlle,10506
508,5/27/2021,Maëly,10507
509,10/25/2021,Hélèna,10508
510,5/13/2021,Eugénie,10509
511,3/1/2022,Maëlla,10510
512,2/2/2022,Judicaël,10511
513,1/21/2022,Eloïse,10512
514,2/22/2022,Sòng,10513
515,1/19/2022,Anaïs,10514
516,5/3/2021,Laurène,10515
517,3/20/2022,Tán,10516
518,10/5/2021,Céline,10517
519,1/12/2022,Naéva,10518
520,9/23/2021,Maëlys,10519
521,2/18/2022,Irène,10520
522,4/19/2022,Judicaël,10521
523,6/18/2021,Maëlyss,10522
524,3/18/2022,Méline,10523
525,12/29/2021,Lài,10524
526,5/24/2021,Maëly,10525
527,1/30/2022,Françoise,10526
528,12/6/2021,Gisèle,10527
529,1/16/2022,Mà,10528
530,5/17/2021,Annotée,10529
531,7/25/2021,Béatrice,10530
532,4/18/2022,Gaëlle,10531
533,6/24/2021,Marie-noël,10532
534,10/23/2021,Gaétane,10533
535,6/11/2021,Maïwenn,10534
536,6/6/2021,Anaé,10535
537,7/12/2021,Hélèna,10536
538,4/18/2022,Adèle,10537
539,7/1/2021,Maëlys,10538
540,6/14/2021,Rachèle,10539
541,12/30/2021,Léana,10540
542,9/16/2021,Åke,10541
543,8/30/2021,Léandre,10542
544,11/25/2021,Yénora,10543
545,2/10/2022,Lèi,10544
546,6/1/2021,Desirée,10545
547,5/6/2021,Cloé,10546
548,2/26/2022,Simplifiés,10547
549,3/28/2022,Anaël,10548
550,9/1/2021,Alizée,10549
551,3/19/2022,Léa,10550
552,5/16/2021,Åke,10551
553,3/11/2022,Liè,10552
554,9/22/2021,Cunégonde,10553
555,2/23/2022,Börje,10554
556,3/1/2022,Laïla,10555
557,2/27/2022,Clélia,10556
558,10/18/2021,Séverine,10557
559,6/23/2021,Maëlys,10558
560,9/5/2021,Lèi,10559
561,3/30/2022,Anaël,10560
562,5/21/2021,Régine,10561
563,10/31/2021,Publicité,10562
564,6/6/2021,Marie-hélène,10563
565,2/9/2022,Yóu,10564
566,4/19/2022,Lucrèce,10565
567,8/9/2021,Styrbjörn,10566
568,1/3/2022,Sòng,10567
569,7/8/2021,Börje,10568
570,12/5/2021,Marie-ève,10569
571,4/4/2022,Yóu,10570
572,12/8/2021,Cloé,10571
573,3/13/2022,Eléa,10572
574,3/16/2022,Léa,10573
575,2/27/2022,Zoé,10574
576,4/28/2021,Géraldine,10575
577,10/12/2021,Gaëlle,10576
578,6/30/2021,Inès,10577
579,12/8/2021,Kévina,10578
580,7/8/2021,Thérèse,10579
581,12/14/2021,Mélissandre,10580
582,5/4/2021,Mélia,10581
583,7/17/2021,Lén,10582
584,5/12/2021,Yóu,10583
585,8/27/2021,Naéva,10584
586,6/11/2021,Laïla,10585
587,7/14/2021,Cléopatre,10586
588,1/29/2022,Mà,10587
589,10/7/2021,Maïlis,10588
590,10/27/2021,Bénédicte,10589
591,10/30/2021,Céline,10590
592,12/17/2021,Yè,10591
593,9/2/2021,Görel,10592
594,12/23/2021,Thérèsa,10593
595,9/22/2021,Yénora,10594
596,6/18/2021,Cléa,10595
597,8/29/2021,Åslög,10596
598,7/14/2021,Mà,10597
599,6/11/2021,Maïlys,10598
600,10/22/2021,Camélia,10599
601,10/23/2021,Maëlle,10600
602,1/11/2022,Véronique,10601
603,2/10/2022,Océane,10602
604,8/27/2021,Ophélie,10603
605,10/2/2021,Gaétane,10604
606,10/20/2021,Mélina,10605
607,2/9/2022,Cunégonde,10606
608,10/26/2021,Daphnée,10607
609,10/15/2021,Intéressant,10608
610,3/8/2022,Inès,10609
611,2/25/2022,Mårten,10610
612,5/23/2021,Gaëlle,10611
613,2/9/2022,Garçon,10612
614,10/10/2021,Sòng,10613
615,6/4/2021,Vérane,10614
616,11/20/2021,Tú,10615
617,2/10/2022,Ruì,10616
618,2/1/2022,Mylène,10617
619,3/27/2022,Yáo,10618
620,9/11/2021,Clélia,10619
621,10/8/2021,Eléonore,10620
622,9/14/2021,Océanne,10621
623,4/1/2022,Maëlyss,10622
624,8/2/2021,Régine,10623
625,1/4/2022,Nadège,10624
626,3/25/2022,Anaëlle,10625
627,6/18/2021,Inès,10626
628,12/20/2021,Gaïa,10627
629,1/17/2022,Michèle,10628
630,3/23/2022,Eléa,10629
631,8/1/2021,Océane,10630
632,8/10/2021,Maïly,10631
633,2/11/2022,Célestine,10632
634,1/31/2022,Naëlle,10633
635,7/24/2021,Laïla,10634
636,10/28/2021,Illustrée,10635
637,10/2/2021,Bérénice,10636
638,1/4/2022,Thérèsa,10637
639,10/21/2021,Örjan,10638
640,5/15/2021,Bérénice,10639
641,3/16/2022,Léandre,10640
642,4/13/2022,Méryl,10641
643,10/31/2021,Styrbjörn,10642
644,2/10/2022,Yáo,10643
645,9/23/2021,Séverine,10644
646,11/21/2021,Noëlla,10645
647,5/25/2021,Aloïs,10646
648,2/8/2022,Simplifiés,10647
649,5/25/2021,Céline,10648
650,10/15/2021,Kallisté,10649
651,11/14/2021,Kévina,10650
652,11/4/2021,Loïc,10651
653,5/1/2021,Méghane,10652
654,5/1/2021,Vénus,10653
655,7/30/2021,Léone,10654
656,1/8/2022,Jú,10655
657,10/13/2021,Uò,10656
658,8/18/2021,Fèi,10657
659,3/30/2022,Noëlla,10658
660,6/16/2021,Maëlann,10659
661,12/19/2021,Maëlann,10660
662,8/20/2021,Mélys,10661
663,4/15/2022,Aí,10662
664,2/14/2022,Maëline,10663
665,12/29/2021,Angélique,10664
666,4/3/2022,Amélie,10665
667,10/8/2021,Marie-ève,10666
668,6/4/2021,Kù,10667
669,4/1/2022,Béatrice,10668
670,10/29/2021,Angèle,10669
671,12/9/2021,Geneviève,10670
672,11/9/2021,Léonie,10671
673,1/31/2022,Nuó,10672
674,8/24/2021,Thérèse,10673
675,5/10/2021,Åslög,10674
676,9/13/2021,Mélinda,10675
677,5/4/2021,Géraldine,10676
678,12/23/2021,Gisèle,10677
679,6/13/2021,Salomé,10678
680,8/7/2021,Méghane,10679
681,4/29/2021,Béatrice,10680
682,5/1/2021,Börje,10681
683,12/23/2021,Mélanie,10682
684,8/9/2021,Marie-françoise,10683
685,1/30/2022,Thérèsa,10684
686,7/28/2021,Göran,10685
687,2/16/2022,Stéphanie,10686
688,6/7/2021,Cécile,10687
689,10/30/2021,Marlène,10688
690,9/17/2021,Illustrée,10689
691,8/11/2021,Aimée,10690
692,11/17/2021,Mylène,10691
693,2/1/2022,Annotés,10692
694,8/8/2021,Bérénice,10693
695,10/8/2021,Mélia,10694
696,3/24/2022,Sélène,10695
697,3/19/2022,Sòng,10696
698,5/22/2021,Cinéma,10697
699,2/13/2022,Gérald,10698
700,11/8/2021,Almérinda,10699
701,3/30/2022,Nélie,10700
702,1/31/2022,Béatrice,10701
703,10/29/2021,Tán,10702
704,10/2/2021,Chloé,10703
705,11/14/2021,Aloïs,10704
706,11/12/2021,Simplifiés,10705
707,7/15/2021,Kuí,10706
708,6/8/2021,Mélissandre,10707
709,5/4/2021,Adélaïde,10708
710,4/12/2022,Laurélie,10709
711,11/14/2021,Dà,10710
712,11/29/2021,Maëly,10711
713,12/28/2021,Sòng,10712
714,5/29/2021,Aimée,10713
715,2/4/2022,Gérald,10714
716,5/16/2021,Göran,10715
717,12/17/2021,Eliès,10716
718,6/17/2021,Bérangère,10717
719,4/26/2021,Salomé,10718
720,7/7/2021,Josée,10719
721,9/14/2021,Maéna,10720
722,12/27/2021,Faîtes,10721
723,1/7/2022,Geneviève,10722
724,1/16/2022,Yú,10723
725,9/10/2021,Méryl,10724
726,3/1/2022,Michèle,10725
727,6/19/2021,Léonore,10726
728,4/14/2022,Yénora,10727
729,10/18/2021,Léa,10728
730,2/24/2022,Geneviève,10729
731,10/2/2021,Gérald,10730
732,12/7/2021,Valérie,10731
733,12/22/2021,Anaëlle,10732
734,9/7/2021,Loïca,10733
735,11/11/2021,Adélaïde,10734
736,3/9/2022,Marie-josée,10735
737,5/18/2021,Görel,10736
738,6/12/2021,Styrbjörn,10737
739,8/15/2021,Maëlla,10738
740,7/17/2021,Adélaïde,10739
741,8/7/2021,Kuí,10740
742,8/28/2021,Loïs,10741
743,11/25/2021,Daphnée,10742
744,6/28/2021,Personnalisée,10743
745,6/28/2021,Mélys,10744
746,2/8/2022,Daphnée,10745
747,5/24/2021,Jú,10746
748,7/9/2021,Ráo,10747
749,9/18/2021,Ophélie,10748
750,12/7/2021,Loïca,10749
751,9/8/2021,Clémentine,10750
752,4/10/2022,Loïca,10751
753,2/11/2022,Loïc,10752
754,10/7/2021,Marlène,10753
755,11/9/2021,Aurélie,10754
756,7/13/2021,Publicité,10755
757,10/8/2021,Faîtes,10756
758,7/31/2021,Gaétane,10757
759,7/9/2021,Ruì,10758
760,7/4/2021,Léane,10759
761,12/2/2021,Angèle,10760
762,6/29/2021,Zhì,10761
763,6/27/2021,Réjane,10762
764,5/30/2021,Pélagie,10763
765,4/12/2022,Maëlys,10764
766,12/4/2021,Estève,10765
767,9/9/2021,Inès,10766
768,2/9/2022,Renée,10767
769,5/14/2021,Béatrice,10768
770,12/2/2021,Ophélie,10769
771,6/13/2021,Illustrée,10770
772,3/10/2022,Noëlla,10771
773,1/24/2022,Maïté,10772
774,12/9/2021,Lorène,10773
775,9/17/2021,Erwéi,10774
776,11/16/2021,Estève,10775
777,2/4/2022,Daphnée,10776
778,4/23/2022,Agnès,10777
779,2/2/2022,Maëlann,10778
780,11/8/2021,Magdalène,10779
781,12/19/2021,Dà,10780
782,8/27/2021,Gérald,10781
783,2/5/2022,Wá,10782
784,12/21/2021,Célestine,10783
785,3/18/2022,Eloïse,10784
786,11/26/2021,Maëline,10785
787,6/18/2021,Esbjörn,10786
788,7/3/2021,Mahélie,10787
789,7/25/2021,Céline,10788
790,3/21/2022,Illustrée,10789
791,10/12/2021,Magdalène,10790
792,1/16/2022,Cécilia,10791
793,3/16/2022,Rébecca,10792
794,1/6/2022,Néhémie,10793
795,6/18/2021,Pò,10794
796,2/13/2022,Michèle,10795
797,4/5/2022,Göran,10796
798,6/16/2021,Solène,10797
799,12/24/2021,Bénédicte,10798
800,11/17/2021,Desirée,10799
801,11/12/2021,Noëlla,10800
802,1/17/2022,Maéna,10801
803,4/9/2022,Méryl,10802
804,1/12/2022,Gisèle,10803
805,10/9/2021,Örjan,10804
806,7/5/2021,Maëlla,10805
807,2/3/2022,Pò,10806
808,10/16/2021,Garçon,10807
809,11/25/2021,Lauréna,10808
810,4/25/2022,Björn,10809
811,10/24/2021,Léonie,10810
812,11/8/2021,Loïc,10811
813,3/11/2022,Lyséa,10812
814,12/29/2021,Ruì,10813
815,7/5/2021,Jú,10814
816,3/16/2022,Angélique,10815
817,5/28/2021,Cléopatre,10816
818,9/1/2021,Sélène,10817
819,11/4/2021,Léone,10818
820,8/23/2021,Anaëlle,10819
821,4/19/2022,Wá,10820
822,2/15/2022,Andréanne,10821
823,5/18/2021,Océane,10822
824,1/23/2022,Léone,10823
825,2/6/2022,Eloïse,10824
826,4/27/2021,Mélys,10825
827,6/1/2021,Personnalisée,10826
828,2/26/2022,Lén,10827
829,5/26/2021,Maïly,10828
830,12/31/2021,Célia,10829
831,8/4/2021,Thérèsa,10830
832,3/8/2022,Noëlla,10831
833,10/2/2021,Marie-josée,10832
834,8/28/2021,Léandre,10833
835,9/16/2021,Maéna,10834
836,7/3/2021,Danièle,10835
837,12/1/2021,Märta,10836
838,7/23/2021,Jú,10837
839,3/17/2022,Cloé,10838
840,3/30/2022,Maïté,10839
841,4/1/2022,Félicie,10840
842,8/19/2021,Simplifiés,10841
843,11/7/2021,Agnès,10842
844,6/13/2021,Zhì,10843
845,8/3/2021,Clémence,10844
846,1/16/2022,Yóu,10845
847,2/1/2022,Marylène,10846
848,10/9/2021,Josée,10847
849,2/1/2022,Clémentine,10848
850,7/20/2021,Måns,10849
851,9/30/2021,Maëly,10850
852,1/18/2022,Dù,10851
853,10/3/2021,Yè,10852
854,4/7/2022,Nélie,10853
855,2/16/2022,Torbjörn,10854
856,4/20/2022,Lyséa,10855
857,9/15/2021,Maëlys,10856
858,6/3/2021,Méghane,10857
859,9/22/2021,Marie-ève,10858
860,4/29/2021,Fèi,10859
861,12/31/2021,Maïwenn,10860
862,9/20/2021,Maéna,10861
863,5/25/2021,Stéphanie,10862
864,5/20/2021,Adèle,10863
865,5/21/2021,Mén,10864
866,8/24/2021,Estève,10865
867,7/3/2021,Dà,10866
868,9/28/2021,Méng,10867
869,2/4/2022,Lauréna,10868
870,1/11/2022,Léana,10869
871,10/9/2021,Börje,10870
872,2/23/2022,Maïté,10871
873,7/2/2021,Ruì,10872
874,9/8/2021,Hélèna,10873
875,4/29/2021,Intéressant,10874
876,8/17/2021,Judicaël,10875
877,7/22/2021,Bérénice,10876
878,7/13/2021,Mélinda,10877
879,9/14/2021,Béatrice,10878
880,7/3/2021,Maëlyss,10879
881,11/20/2021,Pò,10880
882,11/20/2021,Adélie,10881
883,3/19/2022,Bérengère,10882
884,11/3/2021,Léandre,10883
885,6/28/2021,Adélaïde,10884
886,5/5/2021,Cécilia,10885
887,6/5/2021,Maïlis,10886
888,11/12/2021,Maï,10887
889,10/30/2021,Méghane,10888
890,8/16/2021,Edmée,10889
891,1/19/2022,Björn,10890
892,6/7/2021,Agnès,10891
893,3/15/2022,Naéva,10892
894,4/26/2021,Irène,10893
895,1/25/2022,Intéressant,10894
896,4/9/2022,Anaël,10895
897,7/8/2021,Gaëlle,10896
898,1/24/2022,Måns,10897
899,7/5/2021,Alizée,10898
900,3/17/2022,Thérèsa,10899
